1175-1735-ND	1
1276-1244-1-ND	1
1276-2728-1-ND	2
1276-2981-1-ND	1
1276-2993-1-ND	2
1276-6471-1-ND	3
1276-6736-1-ND	2
1727-5841-1-ND	1
2073-USB4105-GF-ACT-ND	1
283-FP1008R5-R220-RCT-ND	1
296-TPS546D24ARVFRCT-ND	1
296-TXU0101DCKRCT-ND	1
311-1.37KCRCT-ND	1
311-10.0CRCT-ND	1
311-17.8KCRCT-ND	1
311-22ARCT-ND	2
399-C0805C101J5GAC7800CT-ND	1
399-C1210C226K3PAC7800CT-ND	1
399-C1210C476M9PAC7800CT-ND	2
445-14446-1-ND	1
478-12790-1-ND	6
490-3044-1-ND	1
490-7779-1-ND	1
490-GRM32ER60G337ME05KCT-ND	3
497-14904-ND	1
541-1.00UCT-ND	1
541-15.4KCCT-ND	1
541-26.1KCCT-ND	1
541-84.5KCCT-ND	1
587-3152-1-ND	2
587-5853-1-ND	3
732-4991-1-ND	2
952-3610-ND	1
952-3612-ND	1
A126379CT-ND	2
A129751CT-ND	4
AP3211KTR-G1DICT-ND	1
CP-102AH-ND	1
F1228CT-ND	1
LM1117IMPX-3.3/NOPBCT-ND	1
RMCF0805FT100KCT	1
RMCF0805FT10K0CT	4
RMCF0805FT16K2CT-ND	1
RMCF0805FT2K70CT-ND	1
RMCF0805FT49R9CT-ND	1
RMCF0805FT560RCT-ND	2
SMBJ12ALFCT-ND	1
WM4330-ND	1
